ID,DataRow ID,Labeled Data,Label,Created By,Project Name,Created At,Seconds to Label,External ID,Agreement,Dataset Name,Reviews,View Label
cju4o03eewm330755yhxmc05s,cju4nf555p4y20bqpbd4i4jha,https://storage.googleapis.com/labelbox-193903.appspot.com/cju4ndg17wbh50801ddmdicwq%2Fdd86da2e-6a39-9351-7f04-56da6371f8a4-coke0.png,"{""coke_bottle"":[{""geometry"":[{""x"":98,""y"":156},{""x"":116,""y"":154},{""x"":121,""y"":156},{""x"":182,""y"":150},{""x"":208,""y"":160},{""x"":224,""y"":159},{""x"":228,""y"":167},{""x"":225,""y"":174},{""x"":209,""y"":175},{""x"":189,""y"":189},{""x"":125,""y"":191},{""x"":119,""y"":193},{""x"":102,""y"":192},{""x"":98,""y"":178},{""x"":96,""y"":160}]}]}",cmcdaniel19@gmail.com,coca_coda_inference,1554504768000,66.244,coke0.png,,bottlez,[],https://image-segmentation-v4.labelbox.com?project=cju4nyhotwc6g08179g7v59fw&label=cju4o03eewm330755yhxmc05s
cju4o1yrewjum0871th4scmdc,cju4nf555p4y60bqp1atw4nvv,https://storage.googleapis.com/labelbox-193903.appspot.com/cju4ndg17wbh50801ddmdicwq%2Ffe611f72-28bd-fdf9-b2ff-6206e75147b2-coke1.png,"{""coke_bottle"":[{""geometry"":[{""x"":60,""y"":243},{""x"":72,""y"":222},{""x"":85,""y"":215},{""x"":158,""y"":158},{""x"":181,""y"":152},{""x"":198,""y"":144},{""x"":210,""y"":131},{""x"":222,""y"":136},{""x"":230,""y"":148},{""x"":218,""y"":164},{""x"":211,""y"":160},{""x"":199,""y"":191},{""x"":191,""y"":202},{""x"":144,""y"":241},{""x"":125,""y"":254},{""x"":114,""y"":269},{""x"":88,""y"":280}]}]}",cmcdaniel19@gmail.com,coca_coda_inference,1554504855000,87.036,coke1.png,,bottlez,[],https://image-segmentation-v4.labelbox.com?project=cju4nyhotwc6g08179g7v59fw&label=cju4o1yrewjum0871th4scmdc
cju4o2uz3wi2c0987s3fftvw4,cju4nf555p4ya0bqphqkege49,https://storage.googleapis.com/labelbox-193903.appspot.com/cju4ndg17wbh50801ddmdicwq%2F5911d864-d0bf-300c-4411-23214c046e40-coke2.png,"{""coke_bottle"":[{""geometry"":[{""x"":119,""y"":309},{""x"":103,""y"":289},{""x"":101,""y"":271},{""x"":104,""y"":263},{""x"":100,""y"":234},{""x"":100,""y"":175},{""x"":110,""y"":147},{""x"":117,""y"":124},{""x"":114,""y"":113},{""x"":115,""y"":96},{""x"":146,""y"":98},{""x"":149,""y"":117},{""x"":144,""y"":125},{""x"":165,""y"":172},{""x"":164,""y"":237},{""x"":159,""y"":263},{""x"":162,""y"":276},{""x"":154,""y"":300}]}]}",cmcdaniel19@gmail.com,coca_coda_inference,1554504897000,41.487,coke2.png,,bottlez,[],https://image-segmentation-v4.labelbox.com?project=cju4nyhotwc6g08179g7v59fw&label=cju4o2uz3wi2c0987s3fftvw4
cju4o3j2jwn320755s374thfy,cju4nf555p4ye0bqpbm0bmsye,https://storage.googleapis.com/labelbox-193903.appspot.com/cju4ndg17wbh50801ddmdicwq%2Fbd1eca84-e77a-5789-7d2f-731b32ce9299-coke3.png,"{""coke_bottle"":[{""geometry"":[{""x"":111,""y"":242},{""x"":105,""y"":228},{""x"":106,""y"":215},{""x"":101,""y"":197},{""x"":100,""y"":154},{""x"":110,""y"":125},{""x"":107,""y"":114},{""x"":107,""y"":105},{""x"":119,""y"":100},{""x"":127,""y"":103},{""x"":131,""y"":117},{""x"":143,""y"":154},{""x"":143,""y"":208},{""x"":146,""y"":228},{""x"":131,""y"":245}]}]}",cmcdaniel19@gmail.com,coca_coda_inference,1554504928000,30.982,coke3.png,,bottlez,[],https://image-segmentation-v4.labelbox.com?project=cju4nyhotwc6g08179g7v59fw&label=cju4o3j2jwn320755s374thfy
cju4o4b7vweco0817zlhns7yb,cju4nf555p4yi0bqpyg73a37l,https://storage.googleapis.com/labelbox-193903.appspot.com/cju4ndg17wbh50801ddmdicwq%2Fc9a8df67-245c-e298-e028-1ec9c2092889-coke4.png,"{""coke_bottle"":[{""geometry"":[{""x"":127,""y"":247},{""x"":117,""y"":221},{""x"":121,""y"":210},{""x"":116,""y"":176},{""x"":116,""y"":118},{""x"":135,""y"":71},{""x"":131,""y"":65},{""x"":133,""y"":47},{""x"":145,""y"":42},{""x"":161,""y"":46},{""x"":162,""y"":63},{""x"":160,""y"":73},{""x"":178,""y"":117},{""x"":177,""y"":183},{""x"":171,""y"":208},{""x"":175,""y"":223},{""x"":168,""y"":247}]}]}",cmcdaniel19@gmail.com,coca_coda_inference,1554504965000,36.054,coke4.png,,bottlez,[],https://image-segmentation-v4.labelbox.com?project=cju4nyhotwc6g08179g7v59fw&label=cju4o4b7vweco0817zlhns7yb
cju4o507kwi9c08503wszndxb,cju4nf555p4ym0bqpbcnmiwg4,https://storage.googleapis.com/labelbox-193903.appspot.com/cju4ndg17wbh50801ddmdicwq%2F51b271c6-9074-75d2-932c-916c146ca1b2-coke5.png,"{""coke_bottle"":[{""geometry"":[{""x"":197,""y"":249},{""x"":183,""y"":255},{""x"":171,""y"":256},{""x"":163,""y"":252},{""x"":135,""y"":256},{""x"":86,""y"":253},{""x"":57,""y"":239},{""x"":48,""y"":238},{""x"":43,""y"":241},{""x"":32,""y"":239},{""x"":28,""y"":226},{""x"":33,""y"":216},{""x"":44,""y"":216},{""x"":51,""y"":218},{""x"":85,""y"":205},{""x"":134,""y"":205},{""x"":161,""y"":209},{""x"":175,""y"":205},{""x"":199,""y"":217}]}]}",cmcdaniel19@gmail.com,coca_coda_inference,1554504997000,32.08,coke5.png,,bottlez,[],https://image-segmentation-v4.labelbox.com?project=cju4nyhotwc6g08179g7v59fw&label=cju4o507kwi9c08503wszndxb
cju4o5nmzwkuf0871foxnfm0j,cju4nf555p4yq0bqp2v7ja1x5,https://storage.googleapis.com/labelbox-193903.appspot.com/cju4ndg17wbh50801ddmdicwq%2F7df5c8e9-2de8-e9a2-cc3c-92f9d8e49429-coke6.png,"{""coke_bottle"":[{""geometry"":[{""x"":71,""y"":294},{""x"":61,""y"":290},{""x"":53,""y"":278},{""x"":64,""y"":264},{""x"":69,""y"":265},{""x"":82,""y"":226},{""x"":117,""y"":191},{""x"":139,""y"":174},{""x"":144,""y"":161},{""x"":162,""y"":150},{""x"":175,""y"":158},{""x"":189,""y"":172},{""x"":184,""y"":196},{""x"":169,""y"":204},{""x"":158,""y"":224},{""x"":124,""y"":259},{""x"":95,""y"":267},{""x"":81,""y"":282}]}]}",cmcdaniel19@gmail.com,coca_coda_inference,1554505027000,29.975,coke6.png,,bottlez,[],https://image-segmentation-v4.labelbox.com?project=cju4nyhotwc6g08179g7v59fw&label=cju4o5nmzwkuf0871foxnfm0j
cju4o6a46wimw0850pely5y7z,cju4nf555p4yu0bqp6apc8i1y,https://storage.googleapis.com/labelbox-193903.appspot.com/cju4ndg17wbh50801ddmdicwq%2F2cc37852-6d13-ec8b-fa93-ea441b198d41-coke7.png,"{""coke_bottle"":[{""geometry"":[{""x"":117,""y"":251},{""x"":110,""y"":238},{""x"":109,""y"":228},{""x"":113,""y"":216},{""x"":108,""y"":191},{""x"":103,""y"":146},{""x"":104,""y"":133},{""x"":119,""y"":94},{""x"":115,""y"":84},{""x"":118,""y"":65},{""x"":133,""y"":62},{""x"":148,""y"":64},{""x"":150,""y"":86},{""x"":146,""y"":92},{""x"":166,""y"":142},{""x"":163,""y"":194},{""x"":161,""y"":216},{""x"":164,""y"":233},{""x"":158,""y"":248},{""x"":138,""y"":257}]}]}",cmcdaniel19@gmail.com,coca_coda_inference,1554505056000,28.796,coke7.png,,bottlez,[],https://image-segmentation-v4.labelbox.com?project=cju4nyhotwc6g08179g7v59fw&label=cju4o6a46wimw0850pely5y7z
cju4o6up6wnxv0755tzt4kg7g,cju4nf555p4yy0bqp56g139yw,https://storage.googleapis.com/labelbox-193903.appspot.com/cju4ndg17wbh50801ddmdicwq%2F0bf4d4e5-6fa3-9ba4-c371-5ba52d533308-coke8.png,"{""coke_bottle"":[{""geometry"":[{""x"":80,""y"":249},{""x"":71,""y"":245},{""x"":67,""y"":235},{""x"":75,""y"":224},{""x"":82,""y"":222},{""x"":100,""y"":193},{""x"":129,""y"":171},{""x"":148,""y"":160},{""x"":152,""y"":153},{""x"":166,""y"":146},{""x"":183,""y"":154},{""x"":186,""y"":170},{""x"":180,""y"":184},{""x"":169,""y"":187},{""x"":156,""y"":203},{""x"":128,""y"":226},{""x"":93,""y"":236},{""x"":92,""y"":244}]}]}",cmcdaniel19@gmail.com,coca_coda_inference,1554505083000,26.439,coke8.png,,bottlez,[],https://image-segmentation-v4.labelbox.com?project=cju4nyhotwc6g08179g7v59fw&label=cju4o6up6wnxv0755tzt4kg7g
cju4o7eakwf7a081736t4lse3,cju4nf555p4z20bqpk06w8wuh,https://storage.googleapis.com/labelbox-193903.appspot.com/cju4ndg17wbh50801ddmdicwq%2F19dc8429-62b6-de85-ded6-cddf691c8e57-coke9.png,"{""coke_bottle"":[{""geometry"":[{""x"":88,""y"":268},{""x"":79,""y"":255},{""x"":78,""y"":239},{""x"":80,""y"":233},{""x"":77,""y"":200},{""x"":73,""y"":158},{""x"":86,""y"":116},{""x"":83,""y"":98},{""x"":107,""y"":96},{""x"":108,""y"":111},{""x"":108,""y"":116},{""x"":123,""y"":150},{""x"":127,""y"":217},{""x"":127,""y"":231},{""x"":131,""y"":243},{""x"":122,""y"":267},{""x"":88,""y"":272}]}]}",cmcdaniel19@gmail.com,coca_coda_inference,1554505109000,24.462,coke9.png,,bottlez,[],https://image-segmentation-v4.labelbox.com?project=cju4nyhotwc6g08179g7v59fw&label=cju4o7eakwf7a081736t4lse3
cju4oaw1twnfo0818u3e52tzh,cju4nf555p4z60bqpk45zxue7,https://storage.googleapis.com/labelbox-193903.appspot.com/cju4ndg17wbh50801ddmdicwq%2Fedc19adb-7f22-98aa-b820-3a7862abfd0b-coke10.png,"{""coke_bottle"":[{""geometry"":[{""x"":125,""y"":321},{""x"":108,""y"":307},{""x"":103,""y"":284},{""x"":106,""y"":274},{""x"":101,""y"":250},{""x"":97,""y"":193},{""x"":117,""y"":141},{""x"":115,""y"":130},{""x"":115,""y"":105},{""x"":129,""y"":97},{""x"":150,""y"":104},{""x"":154,""y"":128},{""x"":152,""y"":143},{""x"":172,""y"":187},{""x"":168,""y"":255},{""x"":164,""y"":274},{""x"":168,""y"":285},{""x"":152,""y"":321}]}]}",cmcdaniel19@gmail.com,coca_coda_inference,1554505271000,162.433,coke10.png,,bottlez,[],https://image-segmentation-v4.labelbox.com?project=cju4nyhotwc6g08179g7v59fw&label=cju4oaw1twnfo0818u3e52tzh
cju4objk6wgey0817k186a0us,cju4nf555p4za0bqplyvvvj07,https://storage.googleapis.com/labelbox-193903.appspot.com/cju4ndg17wbh50801ddmdicwq%2F6fdb16cc-7e22-5697-a170-518faa55a2b1-coke11.png,"{""coke_bottle"":[{""geometry"":[{""x"":73,""y"":342},{""x"":49,""y"":325},{""x"":46,""y"":308},{""x"":48,""y"":297},{""x"":42,""y"":263},{""x"":36,""y"":200},{""x"":53,""y"":163},{""x"":53,""y"":136},{""x"":54,""y"":112},{""x"":71,""y"":109},{""x"":91,""y"":115},{""x"":95,""y"":137},{""x"":90,""y"":146},{""x"":113,""y"":199},{""x"":113,""y"":259},{""x"":110,""y"":288},{""x"":113,""y"":304},{""x"":106,""y"":331}]}]}",cmcdaniel19@gmail.com,coca_coda_inference,1554505302000,30.291,coke11.png,,bottlez,[],https://image-segmentation-v4.labelbox.com?project=cju4nyhotwc6g08179g7v59fw&label=cju4objk6wgey0817k186a0us
cju4oc1nuwmkm0871now6rcon,cju4nf555p4ze0bqp9dnyj2l7,https://storage.googleapis.com/labelbox-193903.appspot.com/cju4ndg17wbh50801ddmdicwq%2F90f4b38f-1b9d-0e29-d52f-1faf8af5c125-coke12.png,"{""coke_bottle"":[{""geometry"":[{""x"":119,""y"":283},{""x"":110,""y"":265},{""x"":110,""y"":249},{""x"":114,""y"":238},{""x"":108,""y"":203},{""x"":106,""y"":153},{""x"":121,""y"":115},{""x"":117,""y"":107},{""x"":119,""y"":94},{""x"":131,""y"":88},{""x"":143,""y"":90},{""x"":146,""y"":104},{""x"":144,""y"":116},{""x"":163,""y"":148},{""x"":168,""y"":218},{""x"":166,""y"":232},{""x"":170,""y"":251},{""x"":166,""y"":279}]}]}",cmcdaniel19@gmail.com,coca_coda_inference,1554505325000,23.217,coke12.png,,bottlez,[],https://image-segmentation-v4.labelbox.com?project=cju4nyhotwc6g08179g7v59fw&label=cju4oc1nuwmkm0871now6rcon
cju4ocmk4wgqw0817yuweov0x,cju4nf555p4zi0bqp217yxqh5,https://storage.googleapis.com/labelbox-193903.appspot.com/cju4ndg17wbh50801ddmdicwq%2F41dc9805-57dd-06e7-434e-e4d5cd928758-coke13.png,"{""coke_bottle"":[{""geometry"":[{""x"":124,""y"":300},{""x"":117,""y"":294},{""x"":107,""y"":272},{""x"":109,""y"":259},{""x"":104,""y"":232},{""x"":99,""y"":172},{""x"":115,""y"":126},{""x"":112,""y"":117},{""x"":111,""y"":95},{""x"":126,""y"":93},{""x"":145,""y"":94},{""x"":146,""y"":115},{""x"":144,""y"":127},{""x"":162,""y"":168},{""x"":164,""y"":236},{""x"":164,""y"":270},{""x"":150,""y"":297}]}]}",cmcdaniel19@gmail.com,coca_coda_inference,1554505353000,26.853,coke13.png,,bottlez,[],https://image-segmentation-v4.labelbox.com?project=cju4nyhotwc6g08179g7v59fw&label=cju4ocmk4wgqw0817yuweov0x
cju4od5vywkf90850zys8v9e2,cju4nf555p4zm0bqp92l2psps,https://storage.googleapis.com/labelbox-193903.appspot.com/cju4ndg17wbh50801ddmdicwq%2F8ae1bdba-7e38-011a-769f-4c46237d9697-coke14.png,"{""coke_bottle"":[{""geometry"":[{""x"":197,""y"":259},{""x"":180,""y"":253},{""x"":171,""y"":239},{""x"":148,""y"":221},{""x"":122,""y"":195},{""x"":113,""y"":168},{""x"":106,""y"":164},{""x"":98,""y"":157},{""x"":102,""y"":148},{""x"":110,""y"":144},{""x"":120,""y"":150},{""x"":148,""y"":161},{""x"":185,""y"":195},{""x"":195,""y"":207},{""x"":212,""y"":217},{""x"":223,""y"":236}]}]}",cmcdaniel19@gmail.com,coca_coda_inference,1554505378000,24.82,coke14.png,,bottlez,[],https://image-segmentation-v4.labelbox.com?project=cju4nyhotwc6g08179g7v59fw&label=cju4od5vywkf90850zys8v9e2
cju4odmrdwpsz0755va6kz5lq,cju4nf555p4zq0bqpcpcfsk6k,https://storage.googleapis.com/labelbox-193903.appspot.com/cju4ndg17wbh50801ddmdicwq%2Fac30d77b-f791-ca59-f999-3646820b87af-coke15.png,"{""coke_bottle"":[{""geometry"":[{""x"":143,""y"":251},{""x"":129,""y"":233},{""x"":132,""y"":218},{""x"":129,""y"":199},{""x"":124,""y"":152},{""x"":135,""y"":122},{""x"":133,""y"":110},{""x"":133,""y"":96},{""x"":154,""y"":94},{""x"":157,""y"":110},{""x"":157,""y"":119},{""x"":165,""y"":137},{""x"":172,""y"":153},{""x"":174,""y"":197},{""x"":172,""y"":219},{""x"":176,""y"":226},{""x"":174,""y"":243}]}]}",cmcdaniel19@gmail.com,coca_coda_inference,1554505399000,21.632,coke15.png,,bottlez,[],https://image-segmentation-v4.labelbox.com?project=cju4nyhotwc6g08179g7v59fw&label=cju4odmrdwpsz0755va6kz5lq
cju4oe7v8wkpy0850m8zzvw4i,cju4nf555p4zu0bqpqlnogc6m,https://storage.googleapis.com/labelbox-193903.appspot.com/cju4ndg17wbh50801ddmdicwq%2Fcbbde84f-2aff-b1a6-eff9-e3cde8a9e9a6-coke16.png,"{""coke_bottle"":[{""geometry"":[{""x"":57,""y"":265},{""x"":47,""y"":247},{""x"":46,""y"":234},{""x"":50,""y"":224},{""x"":45,""y"":190},{""x"":44,""y"":133},{""x"":51,""y"":115},{""x"":61,""y"":88},{""x"":59,""y"":81},{""x"":60,""y"":64},{""x"":75,""y"":64},{""x"":87,""y"":69},{""x"":90,""y"":86},{""x"":89,""y"":94},{""x"":104,""y"":136},{""x"":108,""y"":195},{""x"":104,""y"":223},{""x"":106,""y"":236},{""x"":106,""y"":250},{""x"":102,""y"":265}]}]}",cmcdaniel19@gmail.com,coca_coda_inference,1554505427000,27.121,coke16.png,,bottlez,[],https://image-segmentation-v4.labelbox.com?project=cju4nyhotwc6g08179g7v59fw&label=cju4oe7v8wkpy0850m8zzvw4i
cju4oequowldu0987iriida4b,cju4nf555p4zy0bqphlhbrlkr,https://storage.googleapis.com/labelbox-193903.appspot.com/cju4ndg17wbh50801ddmdicwq%2F57b2cdb3-23e3-e130-5648-0a151193bcdc-coke17.png,"{""coke_bottle"":[{""geometry"":[{""x"":110,""y"":298},{""x"":92,""y"":272},{""x"":95,""y"":258},{""x"":98,""y"":249},{""x"":94,""y"":217},{""x"":92,""y"":166},{""x"":92,""y"":151},{""x"":110,""y"":110},{""x"":107,""y"":102},{""x"":107,""y"":80},{""x"":135,""y"":82},{""x"":138,""y"":99},{""x"":135,""y"":108},{""x"":156,""y"":161},{""x"":154,""y"":223},{""x"":153,""y"":252},{""x"":156,""y"":263},{""x"":147,""y"":291}]}]}",cmcdaniel19@gmail.com,coca_coda_inference,1554505451000,23.43,coke17.png,,bottlez,[],https://image-segmentation-v4.labelbox.com?project=cju4nyhotwc6g08179g7v59fw&label=cju4oequowldu0987iriida4b
cju4ofaw8wljw09871lpon5rc,cju4nf555p5020bqpjybe0ltj,https://storage.googleapis.com/labelbox-193903.appspot.com/cju4ndg17wbh50801ddmdicwq%2Fa1ccc972-f49c-f3a6-82f9-c3a724ba3db8-coke18.png,"{""coke_bottle"":[{""geometry"":[{""x"":109,""y"":286},{""x"":96,""y"":258},{""x"":100,""y"":241},{""x"":94,""y"":212},{""x"":95,""y"":161},{""x"":113,""y"":114},{""x"":111,""y"":107},{""x"":113,""y"":84},{""x"":127,""y"":84},{""x"":143,""y"":88},{""x"":144,""y"":108},{""x"":141,""y"":117},{""x"":160,""y"":162},{""x"":154,""y"":220},{""x"":152,""y"":241},{""x"":154,""y"":254},{""x"":141,""y"":285}]}]}",cmcdaniel19@gmail.com,coca_coda_inference,1554505477000,25.675,coke18.png,,bottlez,[],https://image-segmentation-v4.labelbox.com?project=cju4nyhotwc6g08179g7v59fw&label=cju4ofaw8wljw09871lpon5rc
cju4ofza6wqfo0755ki6xqsq1,cju4nf555p5060bqpjmt7wlke,https://storage.googleapis.com/labelbox-193903.appspot.com/cju4ndg17wbh50801ddmdicwq%2F088985f4-61eb-14e0-0ff0-238f634a5277-coke19.png,"{""coke_bottle"":[{""geometry"":[{""x"":116,""y"":362},{""x"":100,""y"":352},{""x"":91,""y"":331},{""x"":90,""y"":321},{""x"":95,""y"":311},{""x"":84,""y"":275},{""x"":78,""y"":214},{""x"":79,""y"":199},{""x"":94,""y"":162},{""x"":96,""y"":146},{""x"":89,""y"":137},{""x"":90,""y"":114},{""x"":105,""y"":110},{""x"":128,""y"":111},{""x"":132,""y"":137},{""x"":132,""y"":147},{""x"":158,""y"":208},{""x"":162,""y"":278},{""x"":159,""y"":307},{""x"":166,""y"":322},{""x"":155,""y"":360}]}]}",cmcdaniel19@gmail.com,coca_coda_inference,1554505509000,29.186,coke19.png,,bottlez,[],https://image-segmentation-v4.labelbox.com?project=cju4nyhotwc6g08179g7v59fw&label=cju4ofza6wqfo0755ki6xqsq1
cju4ogl4mwm250987r28e7kgv,cju4nf555p50a0bqpcnfmpjrp,https://storage.googleapis.com/labelbox-193903.appspot.com/cju4ndg17wbh50801ddmdicwq%2F3f762d83-dd3a-8331-5b17-53bd54820a14-coke20.png,"{""coke_bottle"":[{""geometry"":[{""x"":42,""y"":208},{""x"":64,""y"":187},{""x"":80,""y"":185},{""x"":111,""y"":162},{""x"":164,""y"":135},{""x"":174,""y"":131},{""x"":191,""y"":133},{""x"":208,""y"":126},{""x"":213,""y"":119},{""x"":227,""y"":113},{""x"":242,""y"":121},{""x"":241,""y"":136},{""x"":227,""y"":148},{""x"":219,""y"":148},{""x"":197,""y"":184},{""x"":146,""y"":215},{""x"":114,""y"":230},{""x"":98,""y"":247},{""x"":70,""y"":253}]}]}",cmcdaniel19@gmail.com,coca_coda_inference,1554505537000,28.043,coke20.png,,bottlez,[],https://image-segmentation-v4.labelbox.com?project=cju4nyhotwc6g08179g7v59fw&label=cju4ogl4mwm250987r28e7kgv
cju4oh3slwo880871euz27vec,cju4nf555p50e0bqphqutdv19,https://storage.googleapis.com/labelbox-193903.appspot.com/cju4ndg17wbh50801ddmdicwq%2F21dfbfad-a7d7-d28e-2fff-b5a6d44ef1b8-coke21.png,"{""coke_bottle"":[{""geometry"":[{""x"":116,""y"":251},{""x"":105,""y"":228},{""x"":108,""y"":214},{""x"":102,""y"":193},{""x"":96,""y"":141},{""x"":112,""y"":98},{""x"":106,""y"":88},{""x"":107,""y"":69},{""x"":121,""y"":65},{""x"":135,""y"":68},{""x"":141,""y"":86},{""x"":138,""y"":94},{""x"":157,""y"":136},{""x"":156,""y"":199},{""x"":154,""y"":210},{""x"":158,""y"":226},{""x"":154,""y"":244},{""x"":132,""y"":248}]}]}",cmcdaniel19@gmail.com,coca_coda_inference,1554505561000,23.953,coke21.png,,bottlez,[],https://image-segmentation-v4.labelbox.com?project=cju4nyhotwc6g08179g7v59fw&label=cju4oh3slwo880871euz27vec
cju4ohpi0wmdu0987h50cf42m,cju4nf555p50i0bqp4pxnfvsg,https://storage.googleapis.com/labelbox-193903.appspot.com/cju4ndg17wbh50801ddmdicwq%2Fe0fe399f-0764-5edc-d198-f2b273d24647-coke22.png,"{""coke_bottle"":[{""geometry"":[{""x"":32,""y"":199},{""x"":28,""y"":177},{""x"":32,""y"":154},{""x"":59,""y"":146},{""x"":76,""y"":154},{""x"":114,""y"":144},{""x"":172,""y"":145},{""x"":210,""y"":162},{""x"":221,""y"":162},{""x"":224,""y"":157},{""x"":242,""y"":159},{""x"":245,""y"":173},{""x"":241,""y"":185},{""x"":223,""y"":188},{""x"":217,""y"":185},{""x"":175,""y"":207},{""x"":110,""y"":208},{""x"":84,""y"":204},{""x"":60,""y"":214}]}]}",cmcdaniel19@gmail.com,coca_coda_inference,1554505590000,27.893,coke22.png,,bottlez,[],https://image-segmentation-v4.labelbox.com?project=cju4nyhotwc6g08179g7v59fw&label=cju4ohpi0wmdu0987h50cf42m
cju4oi8rcwm3t0850igxzmyab,cju4nf555p50m0bqpvp3cm8vp,https://storage.googleapis.com/labelbox-193903.appspot.com/cju4ndg17wbh50801ddmdicwq%2F0a12f00c-5175-1e7d-7e6a-dd9059e3d2c9-coke23.png,"{""coke_bottle"":[{""geometry"":[{""x"":138,""y"":154},{""x"":160,""y"":155},{""x"":174,""y"":164},{""x"":177,""y"":182},{""x"":174,""y"":190},{""x"":172,""y"":266},{""x"":160,""y"":296},{""x"":158,""y"":310},{""x"":158,""y"":321},{""x"":154,""y"":327},{""x"":134,""y"":327},{""x"":132,""y"":312},{""x"":137,""y"":302},{""x"":123,""y"":266},{""x"":124,""y"":211},{""x"":129,""y"":194},{""x"":129,""y"":181}]}]}",cmcdaniel19@gmail.com,coca_coda_inference,1554505615000,24.718,coke23.png,,bottlez,[],https://image-segmentation-v4.labelbox.com?project=cju4nyhotwc6g08179g7v59fw&label=cju4oi8rcwm3t0850igxzmyab
cju4oiyfnwrml0755t0xpq87q,cju4nf555p50q0bqpu6qa4bz5,https://storage.googleapis.com/labelbox-193903.appspot.com/cju4ndg17wbh50801ddmdicwq%2F029fe617-f24d-06d9-d982-6345dbb0d724-coke24.png,"{""coke_bottle"":[{""geometry"":[{""x"":60,""y"":213},{""x"":55,""y"":199},{""x"":55,""y"":183},{""x"":55,""y"":169},{""x"":69,""y"":162},{""x"":95,""y"":166},{""x"":123,""y"":158},{""x"":165,""y"":157},{""x"":188,""y"":167},{""x"":198,""y"":166},{""x"":210,""y"":166},{""x"":214,""y"":175},{""x"":210,""y"":185},{""x"":197,""y"":185},{""x"":184,""y"":191},{""x"":170,""y"":202},{""x"":121,""y"":209},{""x"":100,""y"":208},{""x"":84,""y"":216}]}]}",cmcdaniel19@gmail.com,coca_coda_inference,1554505648000,33.042,coke24.png,,bottlez,[],https://image-segmentation-v4.labelbox.com?project=cju4nyhotwc6g08179g7v59fw&label=cju4oiyfnwrml0755t0xpq87q
cju4ojlliwp630871xhtemxwz,cju4nf555p50u0bqpjbdwelji,https://storage.googleapis.com/labelbox-193903.appspot.com/cju4ndg17wbh50801ddmdicwq%2Fd348fc18-fd32-a17d-703d-72b7c400ac82-coke25.png,"{""coke_bottle"":[{""geometry"":[{""x"":94,""y"":261},{""x"":92,""y"":237},{""x"":102,""y"":224},{""x"":114,""y"":191},{""x"":135,""y"":139},{""x"":163,""y"":113},{""x"":170,""y"":105},{""x"":169,""y"":96},{""x"":177,""y"":82},{""x"":205,""y"":94},{""x"":197,""y"":113},{""x"":189,""y"":118},{""x"":189,""y"":164},{""x"":164,""y"":219},{""x"":150,""y"":240},{""x"":148,""y"":256},{""x"":135,""y"":272},{""x"":110,""y"":274}]}]}",cmcdaniel19@gmail.com,coca_coda_inference,1554505678000,29.778,coke25.png,,bottlez,[],https://image-segmentation-v4.labelbox.com?project=cju4nyhotwc6g08179g7v59fw&label=cju4ojlliwp630871xhtemxwz
cju4ok85jwpjn0871lpp8gkla,cju4nf555p50y0bqpd71k981k,https://storage.googleapis.com/labelbox-193903.appspot.com/cju4ndg17wbh50801ddmdicwq%2Fabdf2bf2-df9c-9bfc-2915-07e539ed3f5f-coke26.png,"{""coke_bottle"":[{""geometry"":[{""x"":30,""y"":183},{""x"":37,""y"":175},{""x"":50,""y"":170},{""x"":64,""y"":173},{""x"":123,""y"":163},{""x"":148,""y"":172},{""x"":156,""y"":170},{""x"":165,""y"":171},{""x"":168,""y"":187},{""x"":156,""y"":188},{""x"":150,""y"":188},{""x"":134,""y"":203},{""x"":86,""y"":210},{""x"":74,""y"":210},{""x"":61,""y"":218},{""x"":42,""y"":216},{""x"":33,""y"":205},{""x"":30,""y"":188}]}]}",cmcdaniel19@gmail.com,coca_coda_inference,1554505707000,28.616,coke26.png,,bottlez,[],https://image-segmentation-v4.labelbox.com?project=cju4nyhotwc6g08179g7v59fw&label=cju4ok85jwpjn0871lpp8gkla
cju4ol0bpwsf40755yezf5ax5,cju4nf556p5120bqpfwmwceai,https://storage.googleapis.com/labelbox-193903.appspot.com/cju4ndg17wbh50801ddmdicwq%2F1b4dd83d-7f30-c36c-d40a-4bb0f08fd24e-coke27.png,"{""coke_bottle"":[{""geometry"":[{""x"":117,""y"":305},{""x"":110,""y"":300},{""x"":100,""y"":292},{""x"":95,""y"":280},{""x"":102,""y"":266},{""x"":98,""y"":239},{""x"":98,""y"":189},{""x"":112,""y"":162},{""x"":117,""y"":147},{""x"":114,""y"":140},{""x"":117,""y"":122},{""x"":131,""y"":120},{""x"":145,""y"":125},{""x"":147,""y"":144},{""x"":143,""y"":151},{""x"":152,""y"":179},{""x"":152,""y"":243},{""x"":147,""y"":263},{""x"":150,""y"":278},{""x"":142,""y"":300}]}]}",cmcdaniel19@gmail.com,coca_coda_inference,1554505744000,36.147,coke27.png,,bottlez,[],https://image-segmentation-v4.labelbox.com?project=cju4nyhotwc6g08179g7v59fw&label=cju4ol0bpwsf40755yezf5ax5
cju4oll00wnse0987w2llfhje,cju4nf556p5160bqprmjdku9b,https://storage.googleapis.com/labelbox-193903.appspot.com/cju4ndg17wbh50801ddmdicwq%2F9179c5b3-f356-beab-10ea-d1f46e4ab4ce-coke28.png,"{""coke_bottle"":[{""geometry"":[{""x"":96,""y"":141},{""x"":114,""y"":97},{""x"":110,""y"":84},{""x"":110,""y"":63},{""x"":143,""y"":63},{""x"":144,""y"":82},{""x"":141,""y"":93},{""x"":163,""y"":144},{""x"":164,""y"":209},{""x"":159,""y"":231},{""x"":163,""y"":252},{""x"":157,""y"":272},{""x"":143,""y"":282},{""x"":116,""y"":280},{""x"":102,""y"":252},{""x"":106,""y"":234},{""x"":99,""y"":201}]}]}",cmcdaniel19@gmail.com,coca_coda_inference,1554505770000,26.461,coke28.png,,bottlez,[],https://image-segmentation-v4.labelbox.com?project=cju4nyhotwc6g08179g7v59fw&label=cju4oll00wnse0987w2llfhje
cju4om14cwsqp0755s8ayjkca,cju4nf556p51a0bqpj6ai4c99,https://storage.googleapis.com/labelbox-193903.appspot.com/cju4ndg17wbh50801ddmdicwq%2Fa4019cb1-a038-32a0-a338-26381c49a27c-coke29.png,"{""coke_bottle"":[{""geometry"":[{""x"":111,""y"":250},{""x"":104,""y"":238},{""x"":102,""y"":227},{""x"":105,""y"":218},{""x"":100,""y"":189},{""x"":98,""y"":134},{""x"":111,""y"":100},{""x"":112,""y"":85},{""x"":111,""y"":66},{""x"":137,""y"":66},{""x"":141,""y"":84},{""x"":154,""y"":133},{""x"":156,""y"":192},{""x"":151,""y"":214},{""x"":156,""y"":228},{""x"":149,""y"":249}]}]}",cmcdaniel19@gmail.com,coca_coda_inference,1554505791000,20.649,coke29.png,,bottlez,[],https://image-segmentation-v4.labelbox.com?project=cju4nyhotwc6g08179g7v59fw&label=cju4om14cwsqp0755s8ayjkca
cju4omkruwsxd0755zce17p7b,cju4nf556p51e0bqpvw6aa5t0,https://storage.googleapis.com/labelbox-193903.appspot.com/cju4ndg17wbh50801ddmdicwq%2Fa03f487e-5d86-dbea-7796-8b894a0d2f5d-coke30.png,"{""coke_bottle"":[{""geometry"":[{""x"":157,""y"":278},{""x"":129,""y"":270},{""x"":117,""y"":240},{""x"":125,""y"":224},{""x"":124,""y"":197},{""x"":132,""y"":140},{""x"":161,""y"":94},{""x"":160,""y"":81},{""x"":166,""y"":59},{""x"":197,""y"":65},{""x"":198,""y"":87},{""x"":191,""y"":98},{""x"":203,""y"":154},{""x"":188,""y"":212},{""x"":177,""y"":235},{""x"":179,""y"":248},{""x"":169,""y"":270}]}]}",cmcdaniel19@gmail.com,coca_coda_inference,1554505817000,25.214,coke30.png,,bottlez,[],https://image-segmentation-v4.labelbox.com?project=cju4nyhotwc6g08179g7v59fw&label=cju4omkruwsxd0755zce17p7b
cju4on2yzwt3508015dskho9r,cju4nf556p51i0bqpjuv1fyql,https://storage.googleapis.com/labelbox-193903.appspot.com/cju4ndg17wbh50801ddmdicwq%2Fb1778893-e402-7961-8942-7acdd509f45b-coke31.png,"{""coke_bottle"":[{""geometry"":[{""x"":94,""y"":284},{""x"":73,""y"":272},{""x"":67,""y"":247},{""x"":72,""y"":240},{""x"":66,""y"":208},{""x"":59,""y"":145},{""x"":77,""y"":102},{""x"":74,""y"":88},{""x"":73,""y"":65},{""x"":89,""y"":65},{""x"":106,""y"":67},{""x"":109,""y"":87},{""x"":108,""y"":99},{""x"":129,""y"":150},{""x"":131,""y"":206},{""x"":127,""y"":238},{""x"":130,""y"":252},{""x"":121,""y"":278}]}]}",cmcdaniel19@gmail.com,coca_coda_inference,1554505840000,23.337,coke31.png,,bottlez,[],https://image-segmentation-v4.labelbox.com?project=cju4nyhotwc6g08179g7v59fw&label=cju4on2yzwt3508015dskho9r
cju4onr1dwkiz0817txi8r20t,cju4nf556p51m0bqpgvkl31or,https://storage.googleapis.com/labelbox-193903.appspot.com/cju4ndg17wbh50801ddmdicwq%2F129a5ebc-02dd-b59c-e0d7-86272d318474-coke32.png,"{""coke_bottle"":[{""geometry"":[{""x"":59,""y"":253},{""x"":44,""y"":241},{""x"":37,""y"":208},{""x"":38,""y"":199},{""x"":64,""y"":177},{""x"":91,""y"":180},{""x"":125,""y"":166},{""x"":174,""y"":155},{""x"":195,""y"":164},{""x"":205,""y"":164},{""x"":218,""y"":162},{""x"":228,""y"":172},{""x"":224,""y"":184},{""x"":213,""y"":187},{""x"":207,""y"":189},{""x"":192,""y"":212},{""x"":154,""y"":227},{""x"":115,""y"":238},{""x"":92,""y"":253}]}]}",cmcdaniel19@gmail.com,coca_coda_inference,1554505872000,30.408,coke32.png,,bottlez,[],https://image-segmentation-v4.labelbox.com?project=cju4nyhotwc6g08179g7v59fw&label=cju4onr1dwkiz0817txi8r20t
cju4oo8ikwobe0850zlhcmq49,cju4nf556p51q0bqp1jtazg3g,https://storage.googleapis.com/labelbox-193903.appspot.com/cju4ndg17wbh50801ddmdicwq%2F5c1d813c-a206-85ee-7010-6dadb0083bf4-coke33.png,"{""coke_bottle"":[{""geometry"":[{""x"":113,""y"":214},{""x"":104,""y"":197},{""x"":103,""y"":186},{""x"":103,""y"":179},{""x"":99,""y"":157},{""x"":93,""y"":106},{""x"":110,""y"":69},{""x"":104,""y"":61},{""x"":106,""y"":41},{""x"":117,""y"":39},{""x"":129,""y"":40},{""x"":133,""y"":59},{""x"":130,""y"":68},{""x"":150,""y"":110},{""x"":150,""y"":156},{""x"":148,""y"":177},{""x"":151,""y"":192},{""x"":146,""y"":207},{""x"":135,""y"":216}]}]}",cmcdaniel19@gmail.com,coca_coda_inference,1554505894000,22.345,coke33.png,,bottlez,[],https://image-segmentation-v4.labelbox.com?project=cju4nyhotwc6g08179g7v59fw&label=cju4oo8ikwobe0850zlhcmq49
cju4oopmywtzw0801mt1aqh1y,cju4nf556p51u0bqpi7p1g131,https://storage.googleapis.com/labelbox-193903.appspot.com/cju4ndg17wbh50801ddmdicwq%2Fe77531ad-ceaa-c11e-a461-eb7daf6aadc5-coke34.png,"{""coke_bottle"":[{""geometry"":[{""x"":141,""y"":225},{""x"":131,""y"":212},{""x"":131,""y"":201},{""x"":133,""y"":193},{""x"":131,""y"":170},{""x"":129,""y"":133},{""x"":143,""y"":103},{""x"":141,""y"":97},{""x"":141,""y"":81},{""x"":158,""y"":84},{""x"":160,""y"":97},{""x"":161,""y"":109},{""x"":171,""y"":133},{""x"":171,""y"":175},{""x"":168,""y"":194},{""x"":171,""y"":211},{""x"":160,""y"":226}]}]}",cmcdaniel19@gmail.com,coca_coda_inference,1554505916000,21.936,coke34.png,,bottlez,[],https://image-segmentation-v4.labelbox.com?project=cju4nyhotwc6g08179g7v59fw&label=cju4oopmywtzw0801mt1aqh1y
cju4op6c9wl590817528knqxh,cju4nf556p51y0bqpp9z3t3q4,https://storage.googleapis.com/labelbox-193903.appspot.com/cju4ndg17wbh50801ddmdicwq%2F3949c185-3bed-62b7-073d-e8f318c5341b-coke35.png,"{""coke_bottle"":[{""geometry"":[{""x"":126,""y"":297},{""x"":117,""y"":283},{""x"":115,""y"":260},{""x"":119,""y"":249},{""x"":115,""y"":210},{""x"":116,""y"":143},{""x"":136,""y"":96},{""x"":133,""y"":84},{""x"":137,""y"":60},{""x"":152,""y"":59},{""x"":167,""y"":63},{""x"":169,""y"":84},{""x"":165,""y"":90},{""x"":185,""y"":143},{""x"":185,""y"":213},{""x"":181,""y"":245},{""x"":185,""y"":266},{""x"":177,""y"":295},{""x"":152,""y"":305}]}]}",cmcdaniel19@gmail.com,coca_coda_inference,1554505938000,21.415,coke35.png,,bottlez,[],https://image-segmentation-v4.labelbox.com?project=cju4nyhotwc6g08179g7v59fw&label=cju4op6c9wl590817528knqxh
cju4opmhowrmw0871cthffph0,cju4nf556p5220bqp5h6izo1d,https://storage.googleapis.com/labelbox-193903.appspot.com/cju4ndg17wbh50801ddmdicwq%2F0036b87b-af32-3a39-8f95-77a1967ba97c-coke36.png,"{""coke_bottle"":[{""geometry"":[{""x"":110,""y"":270},{""x"":100,""y"":254},{""x"":100,""y"":241},{""x"":103,""y"":234},{""x"":99,""y"":207},{""x"":99,""y"":157},{""x"":110,""y"":135},{""x"":110,""y"":116},{""x"":111,""y"":99},{""x"":134,""y"":100},{""x"":135,""y"":115},{""x"":135,""y"":127},{""x"":148,""y"":157},{""x"":148,""y"":213},{""x"":146,""y"":229},{""x"":150,""y"":247},{""x"":143,""y"":265},{""x"":130,""y"":268}]}]}",cmcdaniel19@gmail.com,coca_coda_inference,1554505959000,20.681,coke36.png,,bottlez,[],https://image-segmentation-v4.labelbox.com?project=cju4nyhotwc6g08179g7v59fw&label=cju4opmhowrmw0871cthffph0
cju4oq2jswp720850kmgnjrkx,cju4nf556p5260bqp2v1quhiq,https://storage.googleapis.com/labelbox-193903.appspot.com/cju4ndg17wbh50801ddmdicwq%2F83ec9798-0f0a-9937-94ba-924b09473afd-coke37.png,"{""coke_bottle"":[{""geometry"":[{""x"":106,""y"":286},{""x"":109,""y"":272},{""x"":115,""y"":269},{""x"":113,""y"":236},{""x"":131,""y"":196},{""x"":141,""y"":183},{""x"":141,""y"":172},{""x"":152,""y"":159},{""x"":168,""y"":161},{""x"":177,""y"":170},{""x"":181,""y"":187},{""x"":173,""y"":199},{""x"":167,""y"":217},{""x"":152,""y"":250},{""x"":135,""y"":270},{""x"":128,""y"":282},{""x"":120,""y"":291}]}]}",cmcdaniel19@gmail.com,coca_coda_inference,1554505980000,20.578,coke37.png,,bottlez,[],https://image-segmentation-v4.labelbox.com?project=cju4nyhotwc6g08179g7v59fw&label=cju4oq2jswp720850kmgnjrkx
cju4oqk5ywssx0818vo4jr5a3,cju4nf556p52a0bqpvekubd13,https://storage.googleapis.com/labelbox-193903.appspot.com/cju4ndg17wbh50801ddmdicwq%2Fbc2d8321-5bf4-c487-dfe0-cb8762039102-coke38.png,"{""coke_bottle"":[{""geometry"":[{""x"":160,""y"":312},{""x"":150,""y"":311},{""x"":137,""y"":300},{""x"":133,""y"":285},{""x"":115,""y"":256},{""x"":92,""y"":216},{""x"":92,""y"":189},{""x"":90,""y"":179},{""x"":84,""y"":174},{""x"":80,""y"":162},{""x"":88,""y"":156},{""x"":101,""y"":155},{""x"":106,""y"":166},{""x"":108,""y"":172},{""x"":137,""y"":193},{""x"":160,""y"":231},{""x"":172,""y"":261},{""x"":181,""y"":271},{""x"":188,""y"":292}]}]}",cmcdaniel19@gmail.com,coca_coda_inference,1554506003000,22.594,coke38.png,,bottlez,[],https://image-segmentation-v4.labelbox.com?project=cju4nyhotwc6g08179g7v59fw&label=cju4oqk5ywssx0818vo4jr5a3
cju4or1lswlzp0817gs1nmevm,cju4nf556p52e0bqpafpmrj31,https://storage.googleapis.com/labelbox-193903.appspot.com/cju4ndg17wbh50801ddmdicwq%2F4b782d56-10e7-b1fd-5951-1697e42ea816-coke39.png,"{""coke_bottle"":[{""geometry"":[{""x"":82,""y"":245},{""x"":76,""y"":243},{""x"":65,""y"":237},{""x"":62,""y"":225},{""x"":62,""y"":214},{""x"":65,""y"":207},{""x"":59,""y"":180},{""x"":54,""y"":122},{""x"":66,""y"":92},{""x"":70,""y"":74},{""x"":66,""y"":66},{""x"":66,""y"":48},{""x"":80,""y"":49},{""x"":96,""y"":50},{""x"":100,""y"":71},{""x"":99,""y"":84},{""x"":116,""y"":126},{""x"":117,""y"":181},{""x"":115,""y"":203},{""x"":118,""y"":218},{""x"":108,""y"":242}]}]}",cmcdaniel19@gmail.com,coca_coda_inference,1554506025000,22.361,coke39.png,,bottlez,[],https://image-segmentation-v4.labelbox.com?project=cju4nyhotwc6g08179g7v59fw&label=cju4or1lswlzp0817gs1nmevm
cju4orm3fwptv0850ft0xv5dh,cju4nf556p52i0bqp19d61ish,https://storage.googleapis.com/labelbox-193903.appspot.com/cju4ndg17wbh50801ddmdicwq%2F0c3ff216-a6f6-6ea6-c27f-b6a98e3c96ff-coke40.png,"{""coke_bottle"":[{""geometry"":[{""x"":115,""y"":303},{""x"":105,""y"":302},{""x"":92,""y"":282},{""x"":89,""y"":267},{""x"":92,""y"":254},{""x"":84,""y"":226},{""x"":80,""y"":159},{""x"":96,""y"":119},{""x"":103,""y"":96},{""x"":97,""y"":88},{""x"":99,""y"":59},{""x"":119,""y"":56},{""x"":141,""y"":63},{""x"":144,""y"":86},{""x"":141,""y"":96},{""x"":162,""y"":160},{""x"":158,""y"":225},{""x"":152,""y"":251},{""x"":156,""y"":269},{""x"":146,""y"":295}]}]}",cmcdaniel19@gmail.com,coca_coda_inference,1554506052000,26.296,coke40.png,,bottlez,[],https://image-segmentation-v4.labelbox.com?project=cju4nyhotwc6g08179g7v59fw&label=cju4orm3fwptv0850ft0xv5dh
cju4os6idwqdg0987tehnoe4o,cju4nf556p52m0bqplqjvv2uo,https://storage.googleapis.com/labelbox-193903.appspot.com/cju4ndg17wbh50801ddmdicwq%2F18993730-19db-681f-336a-624f22eefa8f-coke41.png,"{""coke_bottle"":[{""geometry"":[{""x"":220,""y"":264},{""x"":201,""y"":259},{""x"":197,""y"":241},{""x"":195,""y"":230},{""x"":199,""y"":221},{""x"":197,""y"":190},{""x"":199,""y"":143},{""x"":202,""y"":133},{""x"":218,""y"":103},{""x"":213,""y"":96},{""x"":216,""y"":83},{""x"":230,""y"":79},{""x"":240,""y"":82},{""x"":242,""y"":95},{""x"":238,""y"":105},{""x"":253,""y"":143},{""x"":249,""y"":197},{""x"":245,""y"":222},{""x"":249,""y"":238},{""x"":243,""y"":259}]}]}",cmcdaniel19@gmail.com,coca_coda_inference,1554506078000,25.75,coke41.png,,bottlez,[],https://image-segmentation-v4.labelbox.com?project=cju4nyhotwc6g08179g7v59fw&label=cju4os6idwqdg0987tehnoe4o
cju4osrgiwsti0871plxxg0l8,cju4nf556p52q0bqpk8ikvj4k,https://storage.googleapis.com/labelbox-193903.appspot.com/cju4ndg17wbh50801ddmdicwq%2F3c06f5d4-e3bc-16e3-a9a7-2cdabf7a111e-coke42.png,"{""coke_bottle"":[{""geometry"":[{""x"":69,""y"":319},{""x"":58,""y"":307},{""x"":50,""y"":281},{""x"":51,""y"":274},{""x"":71,""y"":257},{""x"":80,""y"":255},{""x"":88,""y"":255},{""x"":121,""y"":238},{""x"":174,""y"":221},{""x"":189,""y"":221},{""x"":208,""y"":224},{""x"":222,""y"":222},{""x"":228,""y"":217},{""x"":240,""y"":214},{""x"":249,""y"":226},{""x"":250,""y"":241},{""x"":236,""y"":241},{""x"":230,""y"":246},{""x"":199,""y"":280},{""x"":136,""y"":296},{""x"":109,""y"":307},{""x"":96,""y"":317}]}]}",cmcdaniel19@gmail.com,coca_coda_inference,1554506105000,26.85,coke42.png,,bottlez,[],https://image-segmentation-v4.labelbox.com?project=cju4nyhotwc6g08179g7v59fw&label=cju4osrgiwsti0871plxxg0l8
cju4ota59wqfa0850sk2whp43,cju4nf556p52u0bqpm5g1pff9,https://storage.googleapis.com/labelbox-193903.appspot.com/cju4ndg17wbh50801ddmdicwq%2F14174e3f-38fd-f2c2-5233-990baea85156-coke43.png,"{""coke_bottle"":[{""geometry"":[{""x"":138,""y"":297},{""x"":129,""y"":294},{""x"":118,""y"":277},{""x"":115,""y"":257},{""x"":120,""y"":247},{""x"":113,""y"":215},{""x"":113,""y"":154},{""x"":115,""y"":143},{""x"":127,""y"":119},{""x"":137,""y"":93},{""x"":131,""y"":86},{""x"":129,""y"":63},{""x"":166,""y"":61},{""x"":170,""y"":88},{""x"":166,""y"":96},{""x"":187,""y"":150},{""x"":184,""y"":218},{""x"":180,""y"":246},{""x"":183,""y"":266},{""x"":171,""y"":296}]}]}",cmcdaniel19@gmail.com,coca_coda_inference,1554506130000,23.992,coke43.png,,bottlez,[],https://image-segmentation-v4.labelbox.com?project=cju4nyhotwc6g08179g7v59fw&label=cju4ota59wqfa0850sk2whp43
cju4otwqowvzf0801nh7m7hdw,cju4nf557p52y0bqp0b03y7bj,https://storage.googleapis.com/labelbox-193903.appspot.com/cju4ndg17wbh50801ddmdicwq%2F75fbf667-4295-fbb4-3741-3d2b68dc36a8-coke44.png,"{""coke_bottle"":[{""geometry"":[{""x"":150,""y"":280},{""x"":138,""y"":267},{""x"":132,""y"":247},{""x"":133,""y"":230},{""x"":134,""y"":222},{""x"":128,""y"":199},{""x"":125,""y"":119},{""x"":137,""y"":87},{""x"":150,""y"":46},{""x"":143,""y"":36},{""x"":145,""y"":6},{""x"":152,""y"":1},{""x"":184,""y"":1},{""x"":194,""y"":3},{""x"":197,""y"":38},{""x"":191,""y"":46},{""x"":214,""y"":116},{""x"":216,""y"":136},{""x"":207,""y"":201},{""x"":200,""y"":229},{""x"":207,""y"":253},{""x"":194,""y"":276}]}]}",cmcdaniel19@gmail.com,coca_coda_inference,1554506159000,28.818,coke44.png,,bottlez,[],https://image-segmentation-v4.labelbox.com?project=cju4nyhotwc6g08179g7v59fw&label=cju4otwqowvzf0801nh7m7hdw
cju4ouhsywti00871ftlfr5i8,cju4nf557p5320bqp29fgr7d8,https://storage.googleapis.com/labelbox-193903.appspot.com/cju4ndg17wbh50801ddmdicwq%2F5b93b167-c5dc-fb11-f327-b45ac450619e-coke45.png,"{""coke_bottle"":[{""geometry"":[{""x"":147,""y"":313},{""x"":135,""y"":306},{""x"":133,""y"":291},{""x"":132,""y"":278},{""x"":134,""y"":268},{""x"":129,""y"":239},{""x"":125,""y"":177},{""x"":127,""y"":164},{""x"":135,""y"":149},{""x"":146,""y"":124},{""x"":141,""y"":109},{""x"":143,""y"":86},{""x"":158,""y"":83},{""x"":177,""y"":85},{""x"":180,""y"":106},{""x"":177,""y"":115},{""x"":195,""y"":156},{""x"":199,""y"":179},{""x"":199,""y"":199},{""x"":197,""y"":241},{""x"":192,""y"":265},{""x"":199,""y"":283},{""x"":193,""y"":304},{""x"":177,""y"":317}]}]}",cmcdaniel19@gmail.com,coca_coda_inference,1554506186000,26.974,coke45.png,,bottlez,[],https://image-segmentation-v4.labelbox.com?project=cju4nyhotwc6g08179g7v59fw&label=cju4ouhsywti00871ftlfr5i8
cju4ouz0nwwag0801r45lmss7,cju4nf557p5360bqpzcpskd5e,https://storage.googleapis.com/labelbox-193903.appspot.com/cju4ndg17wbh50801ddmdicwq%2Fb91e37f1-05a8-1641-0fcf-e03878352edd-coke46.png,"{""coke_bottle"":[{""geometry"":[{""x"":131,""y"":296},{""x"":113,""y"":274},{""x"":109,""y"":264},{""x"":108,""y"":252},{""x"":112,""y"":244},{""x"":103,""y"":218},{""x"":96,""y"":156},{""x"":106,""y"":126},{""x"":115,""y"":90},{""x"":109,""y"":84},{""x"":110,""y"":56},{""x"":119,""y"":53},{""x"":139,""y"":53},{""x"":150,""y"":57},{""x"":154,""y"":85},{""x"":148,""y"":94},{""x"":176,""y"":151},{""x"":177,""y"":218},{""x"":173,""y"":246},{""x"":176,""y"":264},{""x"":165,""y"":292}]}]}",cmcdaniel19@gmail.com,coca_coda_inference,1554506208000,22.052,coke46.png,,bottlez,[],https://image-segmentation-v4.labelbox.com?project=cju4nyhotwc6g08179g7v59fw&label=cju4ouz0nwwag0801r45lmss7
cju4ovic8wwef0755dqpcfw1e,cju4nf557p53a0bqpj0rwi69t,https://storage.googleapis.com/labelbox-193903.appspot.com/cju4ndg17wbh50801ddmdicwq%2Ff2d06198-1ba1-ad26-1b48-67e96ff84f60-coke47.png,"{""coke_bottle"":[{""geometry"":[{""x"":103,""y"":298},{""x"":89,""y"":277},{""x"":88,""y"":260},{""x"":92,""y"":251},{""x"":84,""y"":224},{""x"":79,""y"":164},{""x"":79,""y"":151},{""x"":85,""y"":134},{""x"":95,""y"":110},{""x"":98,""y"":92},{""x"":94,""y"":84},{""x"":95,""y"":59},{""x"":114,""y"":54},{""x"":135,""y"":59},{""x"":139,""y"":84},{""x"":134,""y"":91},{""x"":158,""y"":152},{""x"":161,""y"":172},{""x"":160,""y"":226},{""x"":156,""y"":246},{""x"":157,""y"":269},{""x"":136,""y"":301}]}]}",cmcdaniel19@gmail.com,coca_coda_inference,1554506233000,24.807,coke47.png,,bottlez,[],https://image-segmentation-v4.labelbox.com?project=cju4nyhotwc6g08179g7v59fw&label=cju4ovic8wwef0755dqpcfw1e
cju4ovy5ewuu00818nwnwdhu1,cju4nf557p53e0bqpnvupsrx5,https://storage.googleapis.com/labelbox-193903.appspot.com/cju4ndg17wbh50801ddmdicwq%2F1934f9a5-ca02-bb57-9bf3-a573a7e5a131-coke48.png,"{""coke_bottle"":[{""geometry"":[{""x"":139,""y"":345},{""x"":126,""y"":327},{""x"":123,""y"":316},{""x"":125,""y"":306},{""x"":124,""y"":282},{""x"":123,""y"":235},{""x"":138,""y"":213},{""x"":141,""y"":200},{""x"":139,""y"":185},{""x"":150,""y"":179},{""x"":162,""y"":184},{""x"":164,""y"":201},{""x"":176,""y"":239},{""x"":174,""y"":287},{""x"":171,""y"":305},{""x"":173,""y"":318},{""x"":163,""y"":340}]}]}",cmcdaniel19@gmail.com,coca_coda_inference,1554506254000,20.174,coke48.png,,bottlez,[],https://image-segmentation-v4.labelbox.com?project=cju4nyhotwc6g08179g7v59fw&label=cju4ovy5ewuu00818nwnwdhu1
cju4owi39wwtf0801bj36ih0r,cju4nf557p53i0bqpsgv8mzsr,https://storage.googleapis.com/labelbox-193903.appspot.com/cju4ndg17wbh50801ddmdicwq%2F29f84de6-852d-23f1-54f7-10ed7fde13df-coke49.png,"{""coke_bottle"":[{""geometry"":[{""x"":39,""y"":195},{""x"":39,""y"":168},{""x"":42,""y"":160},{""x"":68,""y"":148},{""x"":90,""y"":153},{""x"":124,""y"":152},{""x"":185,""y"":156},{""x"":210,""y"":168},{""x"":241,""y"":182},{""x"":251,""y"":179},{""x"":271,""y"":185},{""x"":267,""y"":219},{""x"":246,""y"":216},{""x"":238,""y"":216},{""x"":226,""y"":212},{""x"":185,""y"":228},{""x"":115,""y"":221},{""x"":86,""y"":210},{""x"":68,""y"":213}]}]}",cmcdaniel19@gmail.com,coca_coda_inference,1554506280000,25.61,coke49.png,,bottlez,[],https://image-segmentation-v4.labelbox.com?project=cju4nyhotwc6g08179g7v59fw&label=cju4owi39wwtf0801bj36ih0r
cju4p38xvwxvp0818j8tv1n9n,cju4p2a06p53m0bqps0i7hccr,https://storage.googleapis.com/labelbox-193903.appspot.com/cju4ndg17wbh50801ddmdicwq%2F463bcbb8-be45-23fe-7487-d2ac3fcf298b-not_coke0.png,Skip,cmcdaniel19@gmail.com,coca_coda_inference,1554506595000,32.407,not_coke0.png,,no_bottlez',[],https://image-segmentation-v4.labelbox.com?project=cju4nyhotwc6g08179g7v59fw&label=cju4p38xvwxvp0818j8tv1n9n
cju4p3pilwr8i0817jcuaj2rk,cju4p2a06p53q0bqpa9wu1f35,https://storage.googleapis.com/labelbox-193903.appspot.com/cju4ndg17wbh50801ddmdicwq%2F8d693ec9-3331-a3b4-2c7c-2f914d5c3ed9-not_coke1.png,Skip,cmcdaniel19@gmail.com,coca_coda_inference,1554506616000,21.227,not_coke1.png,,no_bottlez',[],https://image-segmentation-v4.labelbox.com?project=cju4nyhotwc6g08179g7v59fw&label=cju4p3pilwr8i0817jcuaj2rk
cju4p3qjowy2v0818caig3ph1,cju4p2a06p53u0bqp0l5rvq44,https://storage.googleapis.com/labelbox-193903.appspot.com/cju4ndg17wbh50801ddmdicwq%2F758d66af-f553-8cdf-7f62-c2ac5d824766-not_coke2.png,Skip,cmcdaniel19@gmail.com,coca_coda_inference,1554506617000,1.173,not_coke2.png,,no_bottlez',[],https://image-segmentation-v4.labelbox.com?project=cju4nyhotwc6g08179g7v59fw&label=cju4p3qjowy2v0818caig3ph1
cju4p3rfywuhc0850mi361arv,cju4p2a06p53y0bqp7pd4td1l,https://storage.googleapis.com/labelbox-193903.appspot.com/cju4ndg17wbh50801ddmdicwq%2F44225606-ba64-5873-65d9-fecb40506f54-not_coke3.png,Skip,cmcdaniel19@gmail.com,coca_coda_inference,1554506619000,0.968,not_coke3.png,,no_bottlez',[],https://image-segmentation-v4.labelbox.com?project=cju4nyhotwc6g08179g7v59fw&label=cju4p3rfywuhc0850mi361arv
cju4p3saxwy490818la9sd4mo,cju4p2a06p5420bqper5nidpb,https://storage.googleapis.com/labelbox-193903.appspot.com/cju4ndg17wbh50801ddmdicwq%2F875cea51-a8e9-971a-de76-f36eeeb6dd07-not_coke4.png,Skip,cmcdaniel19@gmail.com,coca_coda_inference,1554506620000,0.883,not_coke4.png,,no_bottlez',[],https://image-segmentation-v4.labelbox.com?project=cju4nyhotwc6g08179g7v59fw&label=cju4p3saxwy490818la9sd4mo
cju4p3t47wxc00871d7ryktd8,cju4p2a06p5460bqpyrkcu90x,https://storage.googleapis.com/labelbox-193903.appspot.com/cju4ndg17wbh50801ddmdicwq%2Fbc559fce-3da6-6efc-52f5-ad464a13afb2-not_coke5.png,Skip,cmcdaniel19@gmail.com,coca_coda_inference,1554506621000,0.877,not_coke5.png,,no_bottlez',[],https://image-segmentation-v4.labelbox.com?project=cju4nyhotwc6g08179g7v59fw&label=cju4p3t47wxc00871d7ryktd8
cju4p3txjwv7e0987qhmktrpa,cju4p2a07p54a0bqp7l5q519p,https://storage.googleapis.com/labelbox-193903.appspot.com/cju4ndg17wbh50801ddmdicwq%2F08c57484-fcf9-6391-899a-a3ff6b4e704b-not_coke6.png,Skip,cmcdaniel19@gmail.com,coca_coda_inference,1554506622000,0.809,not_coke6.png,,no_bottlez',[],https://image-segmentation-v4.labelbox.com?project=cju4nyhotwc6g08179g7v59fw&label=cju4p3txjwv7e0987qhmktrpa
cju4p3ummwrbt08171tu6m7dl,cju4p2a07p54e0bqpahof5yco,https://storage.googleapis.com/labelbox-193903.appspot.com/cju4ndg17wbh50801ddmdicwq%2F4b1fba67-188e-c86e-be13-aac09a2f254d-not_coke7.png,Skip,cmcdaniel19@gmail.com,coca_coda_inference,1554506623000,0.706,not_coke7.png,,no_bottlez',[],https://image-segmentation-v4.labelbox.com?project=cju4nyhotwc6g08179g7v59fw&label=cju4p3ummwrbt08171tu6m7dl
cju4p3vcnwxd40871mde44ktu,cju4p2a07p54i0bqp7628stx0,https://storage.googleapis.com/labelbox-193903.appspot.com/cju4ndg17wbh50801ddmdicwq%2F236e4f8f-3b2e-d07f-1fe5-e70da9c27647-not_coke8.png,Skip,cmcdaniel19@gmail.com,coca_coda_inference,1554506624000,0.752,not_coke8.png,,no_bottlez',[],https://image-segmentation-v4.labelbox.com?project=cju4nyhotwc6g08179g7v59fw&label=cju4p3vcnwxd40871mde44ktu
cju4p3w20wxdu0871dw4uvjfn,cju4p2a07p54m0bqp0okgcra8,https://storage.googleapis.com/labelbox-193903.appspot.com/cju4ndg17wbh50801ddmdicwq%2Fc8b52e5a-5d64-6249-76a4-c7ef9dde9db8-not_coke9.png,Skip,cmcdaniel19@gmail.com,coca_coda_inference,1554506625000,0.744,not_coke9.png,,no_bottlez',[],https://image-segmentation-v4.labelbox.com?project=cju4nyhotwc6g08179g7v59fw&label=cju4p3w20wxdu0871dw4uvjfn
cju4p3wsmwy6n0818u6qst2cv,cju4p2a07p54q0bqpxcmpv90c,https://storage.googleapis.com/labelbox-193903.appspot.com/cju4ndg17wbh50801ddmdicwq%2F11812e92-ca35-c9b5-135b-79737e5a40d6-not_coke10.png,Skip,cmcdaniel19@gmail.com,coca_coda_inference,1554506625000,0.782,not_coke10.png,,no_bottlez',[],https://image-segmentation-v4.labelbox.com?project=cju4nyhotwc6g08179g7v59fw&label=cju4p3wsmwy6n0818u6qst2cv
cju4p3xqfwv900987t16rzbvh,cju4p2a07p54u0bqpeiuv8vp1,https://storage.googleapis.com/labelbox-193903.appspot.com/cju4ndg17wbh50801ddmdicwq%2F2f43a8cf-6491-8bae-0280-e2216236288d-not_coke11.png,Skip,cmcdaniel19@gmail.com,coca_coda_inference,1554506627000,0.731,not_coke11.png,,no_bottlez',[],https://image-segmentation-v4.labelbox.com?project=cju4nyhotwc6g08179g7v59fw&label=cju4p3xqfwv900987t16rzbvh
cju4p3z86wvae0987r2nvgal4,cju4p2a07p54y0bqpproex916,https://storage.googleapis.com/labelbox-193903.appspot.com/cju4ndg17wbh50801ddmdicwq%2Faeaebb3d-0869-83a3-3acc-277c85753f4e-not_coke12.png,Skip,cmcdaniel19@gmail.com,coca_coda_inference,1554506629000,1.653,not_coke12.png,,no_bottlez',[],https://image-segmentation-v4.labelbox.com?project=cju4nyhotwc6g08179g7v59fw&label=cju4p3z86wvae0987r2nvgal4
cju4p4037wxgg08712ndn032i,cju4p2a07p5520bqpv815ji10,https://storage.googleapis.com/labelbox-193903.appspot.com/cju4ndg17wbh50801ddmdicwq%2Fcf329d58-c94e-4396-cd12-04e51591b4f2-not_coke13.png,Skip,cmcdaniel19@gmail.com,coca_coda_inference,1554506630000,0.953,not_coke13.png,,no_bottlez',[],https://image-segmentation-v4.labelbox.com?project=cju4nyhotwc6g08179g7v59fw&label=cju4p4037wxgg08712ndn032i
cju4p40u6wvbg0987blnqtiwo,cju4p2a07p5560bqpbsx4u638,https://storage.googleapis.com/labelbox-193903.appspot.com/cju4ndg17wbh50801ddmdicwq%2F5fd2fc5d-d56b-7065-2f7f-3037df24eccb-not_coke14.png,Skip,cmcdaniel19@gmail.com,coca_coda_inference,1554506631000,0.801,not_coke14.png,,no_bottlez',[],https://image-segmentation-v4.labelbox.com?project=cju4nyhotwc6g08179g7v59fw&label=cju4p40u6wvbg0987blnqtiwo
cju4p42hbwum20850qehm2xm8,cju4p2a07p55a0bqpdhpumvr2,https://storage.googleapis.com/labelbox-193903.appspot.com/cju4ndg17wbh50801ddmdicwq%2F6c341cc5-49c4-3998-ff57-dcd8a6666f2e-not_coke15.png,Skip,cmcdaniel19@gmail.com,coca_coda_inference,1554506633000,0.788,not_coke15.png,,no_bottlez',[],https://image-segmentation-v4.labelbox.com?project=cju4nyhotwc6g08179g7v59fw&label=cju4p42hbwum20850qehm2xm8
cju4p4398wzx50755quzsfj8f,cju4p2a07p55e0bqpsy17kh51,https://storage.googleapis.com/labelbox-193903.appspot.com/cju4ndg17wbh50801ddmdicwq%2Fcb01774e-6c68-2704-7837-8ed663f37250-not_coke16.png,Skip,cmcdaniel19@gmail.com,coca_coda_inference,1554506634000,0.797,not_coke16.png,,no_bottlez',[],https://image-segmentation-v4.labelbox.com?project=cju4nyhotwc6g08179g7v59fw&label=cju4p4398wzx50755quzsfj8f
cju4p43ztwxim0871h3omercu,cju4p2a07p55i0bqpmx93v3ac,https://storage.googleapis.com/labelbox-193903.appspot.com/cju4ndg17wbh50801ddmdicwq%2F88af4090-0d8c-9e7a-38fa-c8dbd1e22111-not_coke17.png,Skip,cmcdaniel19@gmail.com,coca_coda_inference,1554506635000,0.792,not_coke17.png,,no_bottlez',[],https://image-segmentation-v4.labelbox.com?project=cju4nyhotwc6g08179g7v59fw&label=cju4p43ztwxim0871h3omercu
cju4p44rqwun50850yew50flc,cju4p2a07p55m0bqphg02yxiv,https://storage.googleapis.com/labelbox-193903.appspot.com/cju4ndg17wbh50801ddmdicwq%2Ff5b987d4-7ae2-c2a3-a063-2c6e0a1f1cb1-not_coke18.png,Skip,cmcdaniel19@gmail.com,coca_coda_inference,1554506636000,0.813,not_coke18.png,,no_bottlez',[],https://image-segmentation-v4.labelbox.com?project=cju4nyhotwc6g08179g7v59fw&label=cju4p44rqwun50850yew50flc
cju4p45itwunr0850xvb6vc30,cju4p2a07p55q0bqp6uw8jzju,https://storage.googleapis.com/labelbox-193903.appspot.com/cju4ndg17wbh50801ddmdicwq%2Fba02f860-81c9-f91a-310c-a4a130706fbb-not_coke19.png,Skip,cmcdaniel19@gmail.com,coca_coda_inference,1554506637000,0.78,not_coke19.png,,no_bottlez',[],https://image-segmentation-v4.labelbox.com?project=cju4nyhotwc6g08179g7v59fw&label=cju4p45itwunr0850xvb6vc30
cju4p46c0wzz3075528kwfs6k,cju4p2a07p55u0bqpgs5xjrqb,https://storage.googleapis.com/labelbox-193903.appspot.com/cju4ndg17wbh50801ddmdicwq%2Faeeb0003-20cf-98b1-bb4c-7f93cb13a6b4-not_coke20.png,Skip,cmcdaniel19@gmail.com,coca_coda_inference,1554506638000,0.833,not_coke20.png,,no_bottlez',[],https://image-segmentation-v4.labelbox.com?project=cju4nyhotwc6g08179g7v59fw&label=cju4p46c0wzz3075528kwfs6k
cju4p474wx06z080156050mwv,cju4p2a07p55y0bqpvhetmuc0,https://storage.googleapis.com/labelbox-193903.appspot.com/cju4ndg17wbh50801ddmdicwq%2F30c00966-35ec-827a-0666-c4eab18dcb6c-not_coke21.png,Skip,cmcdaniel19@gmail.com,coca_coda_inference,1554506639000,0.794,not_coke21.png,,no_bottlez',[],https://image-segmentation-v4.labelbox.com?project=cju4nyhotwc6g08179g7v59fw&label=cju4p474wx06z080156050mwv
cju4p47stwri20817j5pn85bt,cju4p2a07p5620bqpr4uamixd,https://storage.googleapis.com/labelbox-193903.appspot.com/cju4ndg17wbh50801ddmdicwq%2Fa4390604-db15-f5a4-cea0-efc3bda6c9d1-not_coke22.png,Skip,cmcdaniel19@gmail.com,coca_coda_inference,1554506640000,0.68,not_coke22.png,,no_bottlez',[],https://image-segmentation-v4.labelbox.com?project=cju4nyhotwc6g08179g7v59fw&label=cju4p47stwri20817j5pn85bt
cju4p4918x00p07554ln6dlsy,cju4p2a07p5660bqphf5et57k,https://storage.googleapis.com/labelbox-193903.appspot.com/cju4ndg17wbh50801ddmdicwq%2Fd1c4c0a4-fba1-4f4c-9eb4-2155a2d27e31-not_coke23.png,Skip,cmcdaniel19@gmail.com,coca_coda_inference,1554506641000,0.757,not_coke23.png,,no_bottlez',[],https://image-segmentation-v4.labelbox.com?project=cju4nyhotwc6g08179g7v59fw&label=cju4p4918x00p07554ln6dlsy
cju4p49gewurg0850ucvlf3qv,cju4p2a07p56a0bqpk9thg6b0,https://storage.googleapis.com/labelbox-193903.appspot.com/cju4ndg17wbh50801ddmdicwq%2Fa8f1af85-c38e-5bd5-1b35-5e5fa239a3d0-not_coke24.png,Skip,cmcdaniel19@gmail.com,coca_coda_inference,1554506642000,0.259,not_coke24.png,,no_bottlez',[],https://image-segmentation-v4.labelbox.com?project=cju4nyhotwc6g08179g7v59fw&label=cju4p49gewurg0850ucvlf3qv
cju4p53dwx0hb0755te3t0e8g,cju4p2a07p56e0bqpuu8sldm4,https://storage.googleapis.com/labelbox-193903.appspot.com/cju4ndg17wbh50801ddmdicwq%2F80d441e5-c3c9-fe76-d95c-54c4fd0bc680-not_coke25.png,Skip,cmcdaniel19@gmail.com,coca_coda_inference,1554506681000,3.281,not_coke25.png,,no_bottlez',[],https://image-segmentation-v4.labelbox.com?project=cju4nyhotwc6g08179g7v59fw&label=cju4p53dwx0hb0755te3t0e8g
cju4p54bwx0ia07558i5hakey,cju4p2a07p56i0bqpf1v92uio,https://storage.googleapis.com/labelbox-193903.appspot.com/cju4ndg17wbh50801ddmdicwq%2Fab742be7-f9ee-be1c-12b7-6d4a0ff1cf2e-not_coke26.png,Skip,cmcdaniel19@gmail.com,coca_coda_inference,1554506682000,0.966,not_coke26.png,,no_bottlez',[],https://image-segmentation-v4.labelbox.com?project=cju4nyhotwc6g08179g7v59fw&label=cju4p54bwx0ia07558i5hakey
cju4p5545wyv908180agp1jc3,cju4p2a07p56m0bqp20yrohio,https://storage.googleapis.com/labelbox-193903.appspot.com/cju4ndg17wbh50801ddmdicwq%2F2024ad10-6895-e6e1-7ea3-f6efee4dc31a-not_coke27.png,Skip,cmcdaniel19@gmail.com,coca_coda_inference,1554506683000,0.827,not_coke27.png,,no_bottlez',[],https://image-segmentation-v4.labelbox.com?project=cju4nyhotwc6g08179g7v59fw&label=cju4p5545wyv908180agp1jc3
cju4p5600ws140817vtuhsuqv,cju4p2a07p56q0bqpzx3jr9ri,https://storage.googleapis.com/labelbox-193903.appspot.com/cju4ndg17wbh50801ddmdicwq%2F5a7b9f79-3cff-90c9-b409-a5d46394c4ef-not_coke28.png,Skip,cmcdaniel19@gmail.com,coca_coda_inference,1554506684000,0.885,not_coke28.png,,no_bottlez',[],https://image-segmentation-v4.labelbox.com?project=cju4nyhotwc6g08179g7v59fw&label=cju4p5600ws140817vtuhsuqv
cju4p56rfws1x0817h2wwaubx,cju4p2a07p56u0bqp5ainyiyl,https://storage.googleapis.com/labelbox-193903.appspot.com/cju4ndg17wbh50801ddmdicwq%2Fc4e0f564-8f8a-0eae-e65e-a9da16ef44c0-not_coke29.png,Skip,cmcdaniel19@gmail.com,coca_coda_inference,1554506685000,0.811,not_coke29.png,,no_bottlez',[],https://image-segmentation-v4.labelbox.com?project=cju4nyhotwc6g08179g7v59fw&label=cju4p56rfws1x0817h2wwaubx
cju4p57jnx0m40755c0ti22y0,cju4p2a07p56y0bqpjemla8qo,https://storage.googleapis.com/labelbox-193903.appspot.com/cju4ndg17wbh50801ddmdicwq%2Ff49b3764-f1e0-8f27-e041-2ca2f94ba716-not_coke30.png,Skip,cmcdaniel19@gmail.com,coca_coda_inference,1554506686000,0.803,not_coke30.png,,no_bottlez',[],https://image-segmentation-v4.labelbox.com?project=cju4nyhotwc6g08179g7v59fw&label=cju4p57jnx0m40755c0ti22y0
cju4p58bcws3v08176uz2iv7o,cju4p2a07p5720bqpq1tllma2,https://storage.googleapis.com/labelbox-193903.appspot.com/cju4ndg17wbh50801ddmdicwq%2F5320e628-23e1-30f8-f934-5a6f4370c157-not_coke31.png,Skip,cmcdaniel19@gmail.com,coca_coda_inference,1554506687000,0.761,not_coke31.png,,no_bottlez',[],https://image-segmentation-v4.labelbox.com?project=cju4nyhotwc6g08179g7v59fw&label=cju4p58bcws3v08176uz2iv7o
cju4p59bowv9608501dbjd9x5,cju4p2a07p5760bqpsc2ui61m,https://storage.googleapis.com/labelbox-193903.appspot.com/cju4ndg17wbh50801ddmdicwq%2F031f1fbc-94f4-9a74-9642-a80efc895ae7-not_coke32.png,Skip,cmcdaniel19@gmail.com,coca_coda_inference,1554506688000,0.736,not_coke32.png,,no_bottlez',[],https://image-segmentation-v4.labelbox.com?project=cju4nyhotwc6g08179g7v59fw&label=cju4p59bowv9608501dbjd9x5
cju4p5a9cx0ou0755mgxnlsf9,cju4p2a07p57a0bqpxldlk0cb,https://storage.googleapis.com/labelbox-193903.appspot.com/cju4ndg17wbh50801ddmdicwq%2Fa5408c16-8ab6-86cc-5743-c75a72384ad9-not_coke33.png,Skip,cmcdaniel19@gmail.com,coca_coda_inference,1554506690000,0.961,not_coke33.png,,no_bottlez',[],https://image-segmentation-v4.labelbox.com?project=cju4nyhotwc6g08179g7v59fw&label=cju4p5a9cx0ou0755mgxnlsf9
cju4p5bkcwvx60987ga85lkrj,cju4p2a07p57e0bqpxyais846,https://storage.googleapis.com/labelbox-193903.appspot.com/cju4ndg17wbh50801ddmdicwq%2F8b215baf-4b65-54e1-569d-0c121afc535d-not_coke34.png,Skip,cmcdaniel19@gmail.com,coca_coda_inference,1554506691000,0.845,not_coke34.png,,no_bottlez',[],https://image-segmentation-v4.labelbox.com?project=cju4nyhotwc6g08179g7v59fw&label=cju4p5bkcwvx60987ga85lkrj
cju4p5cg2ws8k0817pkcuvaoq,cju4p2a07p57i0bqp2uzbcmb7,https://storage.googleapis.com/labelbox-193903.appspot.com/cju4ndg17wbh50801ddmdicwq%2Fd8e7d230-f045-bd87-aa1d-77e7ce7de3eb-not_coke35.png,Skip,cmcdaniel19@gmail.com,coca_coda_inference,1554506692000,0.875,not_coke35.png,,no_bottlez',[],https://image-segmentation-v4.labelbox.com?project=cju4nyhotwc6g08179g7v59fw&label=cju4p5cg2ws8k0817pkcuvaoq
cju4p5d7ywy6z0871muopfepn,cju4p2a07p57m0bqp9v3126mn,https://storage.googleapis.com/labelbox-193903.appspot.com/cju4ndg17wbh50801ddmdicwq%2Fd7eda7e1-d686-cb73-b9f8-c394e706f9b3-not_coke36.png,Skip,cmcdaniel19@gmail.com,coca_coda_inference,1554506693000,0.822,not_coke36.png,,no_bottlez',[],https://image-segmentation-v4.labelbox.com?project=cju4nyhotwc6g08179g7v59fw&label=cju4p5d7ywy6z0871muopfepn
cju4p5e0cwvch0850ey0emlxu,cju4p2a07p57q0bqplzwyr92p,https://storage.googleapis.com/labelbox-193903.appspot.com/cju4ndg17wbh50801ddmdicwq%2F9fc88a95-f868-2ea8-1b7b-563556c58de5-not_coke37.png,Skip,cmcdaniel19@gmail.com,coca_coda_inference,1554506694000,0.856,not_coke37.png,,no_bottlez',[],https://image-segmentation-v4.labelbox.com?project=cju4nyhotwc6g08179g7v59fw&label=cju4p5e0cwvch0850ey0emlxu
cju4p5ev4ws9s0817wbzmgv3j,cju4p2a07p57u0bqpe0tcu8x5,https://storage.googleapis.com/labelbox-193903.appspot.com/cju4ndg17wbh50801ddmdicwq%2F59b4a569-fbeb-c641-f03d-9532df047ea0-not_coke38.png,Skip,cmcdaniel19@gmail.com,coca_coda_inference,1554506696000,0.916,not_coke38.png,,no_bottlez',[],https://image-segmentation-v4.labelbox.com?project=cju4nyhotwc6g08179g7v59fw&label=cju4p5ev4ws9s0817wbzmgv3j
cju4p5fl8wz2q0818kpj96qg2,cju4p2a07p57y0bqpiugyu7op,https://storage.googleapis.com/labelbox-193903.appspot.com/cju4ndg17wbh50801ddmdicwq%2F06be2f49-3fc5-9185-a42b-a095828c03c0-not_coke39.png,Skip,cmcdaniel19@gmail.com,coca_coda_inference,1554506696000,0.751,not_coke39.png,,no_bottlez',[],https://image-segmentation-v4.labelbox.com?project=cju4nyhotwc6g08179g7v59fw&label=cju4p5fl8wz2q0818kpj96qg2
cju4p5gtrwve40850td0vc6r3,cju4p2a07p5820bqpml00np4c,https://storage.googleapis.com/labelbox-193903.appspot.com/cju4ndg17wbh50801ddmdicwq%2F611b3cfd-e0c0-56f0-faaf-6da16cff7cf6-not_coke40.png,Skip,cmcdaniel19@gmail.com,coca_coda_inference,1554506698000,0.784,not_coke40.png,,no_bottlez',[],https://image-segmentation-v4.labelbox.com?project=cju4nyhotwc6g08179g7v59fw&label=cju4p5gtrwve40850td0vc6r3
cju4p5i1mx0sp07552gxr2k5n,cju4p2a07p5860bqpyravxrjo,https://storage.googleapis.com/labelbox-193903.appspot.com/cju4ndg17wbh50801ddmdicwq%2F0358de73-c2e6-f0ce-97a5-578ab942eb6a-not_coke41.png,Skip,cmcdaniel19@gmail.com,coca_coda_inference,1554506700000,1.293,not_coke41.png,,no_bottlez',[],https://image-segmentation-v4.labelbox.com?project=cju4nyhotwc6g08179g7v59fw&label=cju4p5i1mx0sp07552gxr2k5n
cju4p5jinx0xl08013k5ep537,cju4p2a07p58a0bqpdziz7wuk,https://storage.googleapis.com/labelbox-193903.appspot.com/cju4ndg17wbh50801ddmdicwq%2F521268c2-33ae-96a1-4df5-6a5b0c68523e-not_coke42.png,Skip,cmcdaniel19@gmail.com,coca_coda_inference,1554506702000,1.715,not_coke42.png,,no_bottlez',[],https://image-segmentation-v4.labelbox.com?project=cju4nyhotwc6g08179g7v59fw&label=cju4p5jinx0xl08013k5ep537
cju4p5kg3x0u90755f4vnjnvo,cju4p2a07p58e0bqps2u3wweg,https://storage.googleapis.com/labelbox-193903.appspot.com/cju4ndg17wbh50801ddmdicwq%2F1964a1e5-9189-a856-d32c-a8c822e0329e-not_coke43.png,Skip,cmcdaniel19@gmail.com,coca_coda_inference,1554506703000,0.972,not_coke43.png,,no_bottlez',[],https://image-segmentation-v4.labelbox.com?project=cju4nyhotwc6g08179g7v59fw&label=cju4p5kg3x0u90755f4vnjnvo
cju4p5ld2wsd80817e9vccl09,cju4p2a08p58i0bqpvd8uqro0,https://storage.googleapis.com/labelbox-193903.appspot.com/cju4ndg17wbh50801ddmdicwq%2Fb070e9f7-20e0-6917-536e-0896ed023cc8-not_coke44.png,Skip,cmcdaniel19@gmail.com,coca_coda_inference,1554506704000,0.906,not_coke44.png,,no_bottlez',[],https://image-segmentation-v4.labelbox.com?project=cju4nyhotwc6g08179g7v59fw&label=cju4p5ld2wsd80817e9vccl09
cju4p5m95wvh30850wxjb7shm,cju4p2a08p58m0bqp9f2ixz3p,https://storage.googleapis.com/labelbox-193903.appspot.com/cju4ndg17wbh50801ddmdicwq%2F9663f309-bbc5-4ed8-252a-640919f1fd5f-not_coke45.png,Skip,cmcdaniel19@gmail.com,coca_coda_inference,1554506705000,0.921,not_coke45.png,,no_bottlez',[],https://image-segmentation-v4.labelbox.com?project=cju4nyhotwc6g08179g7v59fw&label=cju4p5m95wvh30850wxjb7shm
cju4p5n3xx0w50755d17o748t,cju4p2a08p58q0bqpsn66a7ve,https://storage.googleapis.com/labelbox-193903.appspot.com/cju4ndg17wbh50801ddmdicwq%2F7770ed39-d165-4203-36cd-395b123c97ac-not_coke46.png,Skip,cmcdaniel19@gmail.com,coca_coda_inference,1554506706000,0.926,not_coke46.png,,no_bottlez',[],https://image-segmentation-v4.labelbox.com?project=cju4nyhotwc6g08179g7v59fw&label=cju4p5n3xx0w50755d17o748t
cju4p5o45x0xn075552yyiv8k,cju4p2a08p58u0bqp8zhmv5sn,https://storage.googleapis.com/labelbox-193903.appspot.com/cju4ndg17wbh50801ddmdicwq%2F98dc5e49-7f07-5fce-24dd-62fcdf4bb382-not_coke47.png,Skip,cmcdaniel19@gmail.com,coca_coda_inference,1554506708000,1.132,not_coke47.png,,no_bottlez',[],https://image-segmentation-v4.labelbox.com?project=cju4nyhotwc6g08179g7v59fw&label=cju4p5o45x0xn075552yyiv8k
cju4p5p1fx10j0801g3501vn0,cju4p2a08p58y0bqp0tbqld3w,https://storage.googleapis.com/labelbox-193903.appspot.com/cju4ndg17wbh50801ddmdicwq%2Fb79d3e3f-5319-56a6-14bf-93c382364fe6-not_coke48.png,Skip,cmcdaniel19@gmail.com,coca_coda_inference,1554506709000,0.967,not_coke48.png,,no_bottlez',[],https://image-segmentation-v4.labelbox.com?project=cju4nyhotwc6g08179g7v59fw&label=cju4p5p1fx10j0801g3501vn0
cju4p5pv7wydi0871fsjajitw,cju4p2a08p5920bqphpe4u3xk,https://storage.googleapis.com/labelbox-193903.appspot.com/cju4ndg17wbh50801ddmdicwq%2F0ce3a114-bc12-eeee-44a7-a0347437386b-not_coke49.png,Skip,cmcdaniel19@gmail.com,coca_coda_inference,1554506710000,0.902,not_coke49.png,,no_bottlez',[],https://image-segmentation-v4.labelbox.com?project=cju4nyhotwc6g08179g7v59fw&label=cju4p5pv7wydi0871fsjajitw
